Timestamp,q1-T1,q2-T1,q3-T1,q4-T1,q5-T1
2024-10-18 11:09:26,22372,32860,24952,49264,33184
2024-10-18 11:09:43,23156,30848,25860,46168,30812
2024-10-18 11:10:01,20536,34568,23600,57756,30380
2024-10-18 11:10:18,22084,35344,23432,42632,29896
2024-10-18 11:10:29,21896,33900,23556,63568,28112
2024-10-18 11:10:46,22764,33624,22364,49116,28012
2024-10-18 11:11:03,22028,36964,23112,48356,28200
2024-10-18 11:11:21,20964,36480,22852,37600,31484
2024-10-18 11:11:38,20200,33004,22052,55368,28692
2024-10-18 11:11:55,21184,35512,26052,53056,34452
2024-10-18 11:12:12,26152,36088,27112,54704,30312
2024-10-18 11:12:30,22244,30204,23568,67744,28452
2024-10-18 11:12:47,21952,20960,21804,36692,28184
2024-10-18 11:13:04,22792,16172,22808,47844,37368
2024-10-18 11:13:21,24388,16160,24804,64276,30668
2024-10-18 11:13:37,21864,20896,23476,44852,30604
2024-10-18 11:13:55,21860,30728,22576,46640,38716
2024-10-18 11:14:12,21404,32012,22220,43840,36496
2024-10-18 11:14:30,24280,29820,23456,48692,29436
2024-10-18 11:14:47,20636,32312,23456,56360,25620
2024-10-18 11:15:04,22884,33184,23848,45088,31132
2024-10-18 11:15:21,21540,33976,20324,41400,33508
2024-10-18 11:15:39,25320,33040,25252,44168,34888
2024-10-18 11:15:55,27092,32632,23020,43572,32328
2024-10-18 11:16:13,26204,35624,26072,60560,20140
2024-10-18 11:16:30,25412,36492,25032,70108,25564
2024-10-18 11:16:48,25104,36724,26864,59076,20036
2024-10-18 11:17:05,24436,30940,20944,52016,23500
2024-10-18 11:17:22,23456,35532,23368,48924,20440
2024-10-18 11:17:39,27088,34892,24920,42296,25260
2024-10-18 11:17:56,25040,33252,21964,48084,23496
2024-10-18 11:18:31,27488,33004,22872,46568,23912
2024-10-18 11:19:05,24576,37976,23580,62948,20388
2024-10-18 11:19:23,22344,34560,22456,54368,22352
2024-10-18 11:19:40,23448,35060,22216,49216,30072
2024-10-18 11:19:57,25092,36220,23032,57352,26404
2024-10-18 11:20:14,24916,40192,22920,61708,23804
2024-10-18 11:20:47,24556,34540,20820,62948,25716
2024-10-18 11:21:04,26128,38124,22768,70064,26424
2024-10-18 11:21:21,27848,37692,23776,47764,25980
2024-10-18 11:21:37,26784,37260,23332,65780,23212
2024-10-18 11:21:54,25680,36652,22880,43836,24564
2024-10-18 11:22:11,26112,31768,23248,77128,26012
2024-10-18 11:22:28,27848,36452,23464,57960,26876
2024-10-18 11:22:46,27016,36136,23940,73344,20764
2024-10-18 11:23:02,26536,32088,24944,63472,21784
2024-10-18 11:23:20,23372,35464,21896,59632,23336
2024-10-18 11:23:37,23284,31660,24324,65800,26196
2024-10-18 11:23:53,25096,31680,24212,49092,41968
2024-10-18 11:24:11,25876,33428,23408,48104,39388
2024-10-18 11:24:28,25596,34568,24120,52672,34612
2024-10-18 11:24:45,28452,36552,25472,45492,39348
2024-10-18 11:25:02,27156,29488,24944,63440,28800
2024-10-18 11:25:19,27632,33872,24628,41092,39248
2024-10-18 11:35:34,22168,12124,22728,46472,36928
2024-10-18 11:38:32,22352,11400,22060,36420,60420
2024-10-18 11:38:49,24052,10000,24940,40492,52136
2024-10-18 11:39:09,22000,10500,22240,45976,49256
2024-10-18 11:39:25,24388,10960,20184,45812,47616
2024-10-18 11:39:42,21572,15144,22080,47736,48820
2024-10-18 11:39:59,21460,14604,22216,37096,54504
2024-10-18 11:40:15,24080,15836,24044,38872,56644
2024-10-18 11:40:32,21052,15016,21948,47080,71748
2024-10-18 11:40:49,21844,15360,22324,45912,41112
2024-10-18 11:41:06,24560,11872,23664,49772,45556
2024-10-18 11:41:22,22580,13012,22872,36984,56580
2024-10-18 11:41:39,24940,12368,23180,39796,45576
2024-10-18 11:41:57,23616,13192,22488,56136,37336
2024-10-18 11:42:13,19116,15636,22724,36544,46220
2024-10-18 11:42:30,18412,14256,22508,39360,55320
2024-10-18 11:42:46,18704,16308,20820,38572,48648
2024-10-18 11:43:03,18608,12684,22712,37100,45904
2024-10-18 11:43:20,17816,20324,20384,41692,48464
2024-10-18 11:43:37,17328,15784,20400,39216,46080
2024-10-18 11:43:54,19728,15356,22352,45636,49044
2024-10-18 11:44:10,19276,20916,20448,55072,34316
2024-10-18 11:44:28,18248,19584,21468,36932,58304
2024-10-18 11:44:45,20328,13936,20432,38348,47880
2024-10-18 11:45:02,16476,15576,21652,33112,50732
2024-10-18 11:45:19,18332,17956,21428,37724,44008
2024-10-18 11:45:36,18820,20272,22204,34852,52792
2024-10-18 11:45:54,18404,15364,21060,36304,43940
2024-10-18 11:46:11,22728,16440,21916,35952,53272
2024-10-18 11:46:27,19624,16832,20348,42420,45704
2024-10-18 11:46:44,20260,16308,22692,35580,48136
2024-10-18 11:47:01,19748,17400,21992,29264,54168
2024-10-18 11:47:18,21348,13740,22236,39120,46232
2024-10-18 11:47:35,21068,14364,24764,34688,51624
2024-10-18 11:47:52,20460,15920,22188,29496,50832
2024-10-18 11:48:09,19592,10804,21300,44800,40908
2024-10-18 11:48:26,16648,12596,21528,35568,34536
2024-10-18 11:48:44,18056,12484,21860,54116,33948
2024-10-18 11:49:01,19000,14680,21956,37788,44072
2024-10-18 11:49:17,19828,15180,25320,40924,50108
2024-10-18 11:49:34,18416,20636,22016,43260,41268
2024-10-18 11:49:52,18340,17184,22948,39944,48784
2024-10-18 11:50:08,21192,18412,23868,41468,51648
2024-10-18 11:50:25,16008,14524,20232,48112,44052
2024-10-18 11:50:41,18256,11388,25080,54944,44420
2024-10-18 11:50:58,17556,10356,24556,49484,48056
2024-10-18 11:51:15,16944,10824,22520,36664,54044
2024-10-18 11:51:31,19772,10824,25192,30748,52748
2024-10-18 11:51:48,20264,9828,24136,51916,51932
2024-10-18 11:52:05,20196,10832,23720,44240,48064
2024-10-18 11:52:22,20124,12668,26452,35008,53372
2024-10-18 11:52:40,27828,15808,24244,33736,47452
2024-10-18 11:52:57,27856,19452,26328,43392,42116
2024-10-18 11:53:14,22308,18852,25244,62352,43968
2024-10-18 11:53:31,22388,10660,24016,53284,41276
2024-10-18 11:53:47,23904,16888,22788,79584,34360
2024-10-18 11:54:05,22452,16096,23692,53416,41620
2024-10-18 11:54:22,23128,11944,27864,47388,52016
2024-10-18 11:54:39,25512,13500,27116,57892,52908
2024-10-18 11:54:56,24112,12060,25780,43768,56184
2024-10-18 11:55:13,23036,13932,26440,42180,47028
2024-10-18 11:55:31,23308,15196,25520,44596,51112
2024-10-18 11:55:48,23736,14200,24928,39156,51004
2024-10-18 11:56:05,21248,18916,20408,44424,51100
2024-10-18 11:56:21,24604,13420,25112,42972,55080
2024-10-18 11:56:39,26144,16276,22452,42324,64888
2024-10-18 11:56:56,26876,15100,26772,35444,55732
2024-10-18 11:57:13,28604,12672,24612,40416,60588
2024-10-18 11:57:30,24848,15064,20984,37584,49236
2024-10-18 11:57:46,24752,12456,26644,40952,55816
2024-10-18 11:58:04,23956,11636,22008,32660,57544
2024-10-18 11:58:21,26348,12852,27192,42748,50080
2024-10-18 11:58:38,21340,10352,23560,46628,54860
2024-10-18 11:58:54,24856,13260,23924,38200,56764
2024-10-18 11:59:11,24228,12244,24028,37268,52936
2024-10-18 11:59:29,20984,13828,22104,37772,49784
2024-10-18 11:59:46,23616,10880,23836,37596,53608
2024-10-18 12:00:03,20260,9812,22780,30716,67364
2024-10-18 12:00:20,18304,12660,19500,40232,62904
2024-10-18 12:00:37,18112,12096,22896,33620,45556
2024-10-18 12:00:55,18648,12312,19564,31072,54436
2024-10-18 12:01:12,18800,10488,25712,39412,49172
2024-10-18 12:01:29,18852,20152,24472,40856,46488
2024-10-18 12:01:41,21328,33176,21972,41884,50208
2024-10-18 12:01:53,24400,30960,24576,35664,53624
2024-10-18 12:02:05,21084,32564,25860,36332,50628
2024-10-18 12:02:16,20260,33188,25044,34404,48916
2024-10-18 12:02:29,20092,34284,24336,38256,48004
2024-10-18 12:02:41,23824,29760,25024,33372,47320
2024-10-18 12:02:53,21628,33012,22660,37992,52924
2024-10-18 12:03:05,25016,33608,23540,41376,45172
2024-10-18 12:03:29,22616,30532,25764,44272,48932
2024-10-18 12:03:40,20228,8856,26972,40716,54456
2024-10-18 12:03:53,21592,12020,26276,31692,52916
2024-10-18 12:04:04,22592,9852,23084,37700,55224
2024-10-18 12:04:16,26504,12452,27008,44876,45860
2024-10-18 12:04:28,21144,10484,24932,32028,59480
2024-10-18 12:04:39,24768,11240,25224,35972,50476
2024-10-18 12:04:51,20884,11292,22456,40884,50100
2024-10-18 12:05:03,22548,11140,23516,33572,51212
2024-10-18 12:05:26,23520,11800,26216,42656,54068
2024-10-18 12:05:38,20996,10164,22172,50928,55804
2024-10-18 12:06:13,23468,10484,25440,35528,60716
2024-10-18 12:06:25,20060,13904,24864,35612,63168
2024-10-18 12:06:37,21204,11164,22224,31644,44052
2024-10-18 12:07:00,18504,13396,23528,38732,54072
2024-10-18 12:07:12,19980,11492,24696,33568,48756
2024-10-18 12:07:24,21996,10812,23824,35460,62628
2024-10-18 12:07:36,24048,20576,27768,42708,54420
2024-10-18 12:07:48,24268,33788,24840,41784,52048
2024-10-18 12:08:00,25240,37244,27608,35764,53936
2024-10-18 12:08:12,24584,11600,25192,38608,55260
2024-10-18 12:08:23,21712,9692,26852,40628,52624
2024-10-18 12:08:35,22648,10876,24888,39748,61596
2024-10-18 12:08:46,28148,10052,24316,36284,50412
2024-10-18 12:08:58,21864,10692,23080,45344,53604
2024-10-18 12:09:10,21576,10708,25596,32448,56176
2024-10-18 12:09:21,21592,12124,23616,43988,56160
2024-10-18 12:09:33,24552,11208,20968,37440,52952
2024-10-18 12:09:45,22048,10336,19944,34636,53704
2024-10-18 12:10:18,19484,10992,26412,34520,50584
2024-10-18 12:10:34,19144,12048,25312,36328,52960
2024-10-18 12:10:51,25840,10488,23476,26748,58704
2024-10-18 12:11:07,19608,10324,24520,34476,55908
2024-10-18 12:11:42,20936,12060,23076,32676,52360
2024-10-18 12:11:58,22276,12168,25692,36396,53100
2024-10-18 12:12:15,21396,10324,26860,33728,61500
2024-10-18 12:12:31,21384,10144,24904,34896,70040
2024-10-18 12:12:49,18812,10944,24012,34548,57512
2024-10-18 12:13:05,20320,10492,24104,31708,64304
2024-10-18 12:13:22,22892,10740,25296,35864,57504
2024-10-18 12:13:39,18092,22072,24588,34760,57428
2024-10-18 12:13:56,18800,21180,22944,30300,52920
2024-10-18 12:14:13,17144,23132,23464,31660,53536
2024-10-18 12:14:29,16952,9572,31752,34148,63544
2024-10-18 12:14:46,16412,10420,32304,37124,59540
2024-10-18 12:15:02,18868,12332,32308,41536,49672
2024-10-18 12:15:19,15252,11044,26548,44032,59060
2024-10-18 12:15:36,12800,11376,29420,32824,56296
2024-10-18 12:15:53,12164,12792,30776,34116,62676
2024-10-18 12:16:10,14916,34752,31564,38848,56068
2024-10-18 12:16:27,15756,12148,31752,29592,50236
2024-10-18 12:16:43,13008,13676,29260,36140,63436
2024-10-18 12:16:55,14624,12148,30404,38064,62340
2024-10-18 12:17:08,14288,12608,31948,37564,53420
2024-10-18 12:17:19,16368,14956,31672,50308,48984
2024-10-18 12:17:31,11952,12036,31516,33644,52760
2024-10-18 12:17:42,14924,11588,30608,37276,62652
2024-10-18 12:17:54,16228,13636,30904,39524,61524
2024-10-18 12:18:05,13168,15444,29016,41536,66848
2024-10-18 12:18:17,14820,12852,32824,58880,48164
2024-10-18 12:18:29,15936,12932,27876,45492,55764
2024-10-18 12:18:40,15348,12352,30912,39468,50060
2024-10-18 12:18:52,15228,11788,32020,46604,50104
2024-10-18 12:19:03,15492,15164,31024,46428,51248
2024-10-18 12:19:15,14756,11648,28892,48812,48372
2024-10-18 12:19:26,17276,11672,29184,37364,50180
2024-10-18 12:19:38,15968,11020,29800,45828,53852
2024-10-18 12:19:50,17496,11720,29452,36780,60820
2024-10-18 12:20:02,15620,10612,30508,55276,56152
2024-10-18 12:20:13,15580,11112,15532,43236,53300
2024-10-18 12:20:24,14592,12492,18844,46076,51572
2024-10-18 12:20:36,14312,13104,16400,43704,57928
2024-10-18 12:20:48,13148,10308,15404,49776,53460
2024-10-18 12:21:00,16244,11888,14280,43588,57468
2024-10-18 12:21:12,14728,10792,13940,39380,48016
2024-10-18 12:21:24,17660,11052,13192,41984,57872
2024-10-18 12:21:35,18404,9424,13656,43208,60820
2024-10-18 12:21:47,15760,10072,14808,40716,51884
2024-10-18 12:21:59,13368,10376,14800,44864,52376
2024-10-18 12:22:10,12324,11704,12760,43488,56956
2024-10-18 12:22:22,12908,14032,10504,53160,61156
2024-10-18 12:22:35,17180,11392,10640,43548,65452
2024-10-18 12:22:47,17680,10936,10900,41104,55796
2024-10-18 12:22:59,13256,11516,10456,50944,59396
2024-10-18 12:23:10,13064,12332,11420,51188,71080
2024-10-18 12:23:21,11976,11716,12512,45748,57804
2024-10-18 12:23:34,14068,14332,13280,44964,55648
2024-10-18 12:23:45,15040,16992,16180,44760,64916
2024-10-18 12:23:57,18492,12296,19124,49064,51892
2024-10-18 12:24:09,11328,14424,19324,68792,40056
2024-10-18 12:24:21,15008,11472,21712,61704,34960
2024-10-18 12:24:32,12284,11104,23256,56448,43060
2024-10-18 12:24:43,13592,10708,20572,49832,42492
2024-10-18 12:24:55,13124,13380,13448,50708,42696
2024-10-18 12:25:06,12748,9716,11456,46060,48968
2024-10-18 12:25:18,12196,9488,10964,34880,48760
2024-10-18 12:25:30,13136,10716,12464,44088,48824
2024-10-18 12:25:41,14224,9304,12432,32592,52092
2024-10-18 12:25:53,16908,11136,13116,37796,50956
2024-10-18 12:26:04,12028,11324,11016,49436,47596
2024-10-18 12:26:17,9536,10108,9324,35324,49672
2024-10-18 12:26:29,14556,10256,14976,39044,48896
2024-10-18 12:26:40,14676,10912,17004,35620,51156
2024-10-18 12:26:52,13576,11808,14372,32428,39460
2024-10-18 12:27:04,13080,12172,11824,34460,46608
2024-10-18 12:27:16,13652,10872,11960,40780,43232
2024-10-18 12:27:28,11572,11252,12332,41968,56528
2024-10-18 12:27:40,17092,12484,14452,45316,39736
2024-10-18 12:27:52,16084,12952,14832,43092,43380
2024-10-18 12:28:04,12700,12624,14560,40684,47932
2024-10-18 12:28:15,16604,14840,12592,42396,48440
2024-10-18 12:28:28,13564,9912,16912,45988,42860
2024-10-18 12:28:39,14860,9936,13452,53252,42380
2024-10-18 12:28:51,16656,11112,17468,53624,46152
2024-10-18 12:29:02,14944,10256,16308,38104,46064
2024-10-18 12:29:14,13856,12112,17844,48476,46940
2024-10-18 12:29:26,13700,11588,16584,48384,54656
2024-10-18 12:29:37,14812,11620,19296,43652,43600
2024-10-18 12:29:49,14676,11612,14080,39940,48172
2024-10-18 12:30:01,15312,40820,15540,46676,43164
2024-10-18 12:30:13,14080,38748,15940,37712,55792
2024-10-18 12:30:24,15552,39612,15936,41084,45628
2024-10-18 12:30:36,14796,14620,12832,38088,44376
2024-10-18 12:30:48,13944,11416,11628,35496,43188
2024-10-18 12:30:59,14648,13060,14476,30828,48228
2024-10-18 12:31:11,12936,11592,13668,36164,46144
2024-10-18 12:31:23,15236,10716,16300,29808,44768
2024-10-18 12:31:35,13500,12368,17812,33676,47828
2024-10-18 12:31:46,15556,14156,19064,39536,42592
2024-10-18 12:31:59,12352,11048,17256,41068,48228
2024-10-18 12:32:11,12264,11836,9976,35132,45964
2024-10-18 12:32:23,12964,10048,10796,36540,44644
2024-10-18 12:32:35,12988,12008,11320,47732,38264
2024-10-18 12:32:47,14880,10448,11120,35344,45104
2024-10-18 12:32:59,13484,11308,10636,42532,52272
2024-10-18 12:33:12,12920,12260,10324,39520,39660
2024-10-18 12:33:24,17168,11504,13580,39268,42840
2024-10-18 12:33:36,13740,12212,13076,37268,45680
2024-10-18 12:33:47,15532,12700,11564,40708,39956
2024-10-18 12:33:59,13224,9852,10256,40508,40456
2024-10-18 12:34:10,13800,9880,11168,51920,37544
2024-10-18 12:34:22,15684,12288,16152,53524,39540
2024-10-18 12:34:33,15896,9884,15552,39820,45832
2024-10-18 12:34:46,15232,9768,12872,44516,45000
2024-10-18 12:34:58,14800,9268,13136,43236,45244
2024-10-18 12:35:10,18336,12584,12116,43776,42828
2024-10-18 12:35:21,16892,10932,12804,43652,41880
2024-10-18 12:35:33,16036,12060,12444,50952,42176
2024-10-18 12:35:45,15348,11136,10968,64024,43364
2024-10-18 12:35:56,14628,9844,11180,60940,54092
2024-10-18 12:36:08,13032,10804,16040,64032,44436
2024-10-18 12:36:20,14600,10284,13192,46604,46868
2024-10-18 12:36:31,16776,13260,16452,52848,41232
2024-10-18 12:36:43,14816,10304,11440,53760,49992
2024-10-18 12:36:54,17800,10556,13996,57360,40576
2024-10-18 12:37:06,16648,14624,13096,61532,46720
2024-10-18 12:37:17,15992,10840,17744,44608,47632
2024-10-18 12:37:29,17480,13628,10740,38196,42196
2024-10-18 12:37:41,13740,12788,11516,47800,40492
2024-10-18 12:37:53,16084,13600,14804,58812,42104
2024-10-18 12:38:05,18496,10804,12708,48692,43024
2024-10-18 12:38:16,16476,9632,12280,56448,38648
2024-10-18 12:38:28,17468,11776,12628,53508,35336
2024-10-18 12:38:40,17548,12252,11936,46920,35880
2024-10-18 12:38:51,12400,13700,14740,43776,33908
2024-10-18 12:39:03,19372,17176,14372,43816,38108
2024-10-18 12:39:15,12440,13848,9820,37208,44256
2024-10-18 12:39:27,15516,14156,10496,37636,39064
2024-10-18 12:39:39,17116,14792,14676,38096,40284
2024-10-18 12:39:51,16976,13504,11248,37372,43652
2024-10-18 12:40:03,15696,23212,12044,34676,49944
2024-10-18 12:40:15,15020,36392,11468,30264,62284
2024-10-18 12:40:27,15932,35260,14460,29264,51788
2024-10-18 12:40:39,15020,36016,15576,36408,43740
2024-10-18 12:40:50,13544,38052,17148,32204,47572
2024-10-18 12:41:02,14528,37736,17744,47724,45172
2024-10-18 12:41:14,16528,36420,14516,37000,46688
2024-10-18 12:41:25,15756,11992,16340,44316,46848
2024-10-18 12:41:37,16644,10996,15384,42092,44680
2024-10-18 12:41:49,17556,11348,14456,36552,52616
2024-10-18 12:42:02,19392,11892,12124,45724,46832
2024-10-18 12:42:14,17400,14660,12976,40692,46576
2024-10-18 12:42:26,14920,11980,11852,38732,32784
2024-10-18 12:42:37,13440,11152,10800,41632,33888
2024-10-18 12:42:48,15156,15144,10932,37612,40540
2024-10-18 12:43:00,14840,16224,12588,41012,41496
2024-10-18 12:43:12,16540,14652,10776,29780,59160
2024-10-18 12:43:36,13428,11876,17988,33044,44600
2024-10-18 12:43:47,15272,16148,14740,29312,51316
2024-10-18 12:43:58,17516,12596,14388,35488,45700
2024-10-18 12:44:22,14940,12612,13400,35260,52420
2024-10-18 12:44:34,14872,9900,12056,38560,43604
2024-10-18 12:44:45,15804,11444,15288,44052,41800
2024-10-18 12:44:58,17020,12652,15592,36504,47968
2024-10-18 12:45:09,14260,11140,18064,33124,49392
2024-10-18 12:45:21,13160,15924,17396,39564,41064
2024-10-18 12:45:32,17604,32780,14128,39364,56792
2024-10-18 12:45:44,14296,36000,14372,36868,53316
2024-10-18 12:45:56,12520,33620,15948,40176,52292
2024-10-18 12:46:08,13936,35348,13832,45660,53884
2024-10-18 12:46:20,12604,18944,12268,37996,59796
2024-10-18 12:46:31,15164,10108,16244,58500,43156
2024-10-18 12:46:43,13856,11764,19120,35296,47376
2024-10-18 12:46:54,12964,10988,19176,40488,51992
2024-10-18 12:47:06,12400,9864,21608,53988,40068
2024-10-18 12:47:18,15652,11460,18072,32824,43196
2024-10-18 12:47:29,14504,14536,15664,39120,48424
2024-10-18 12:47:41,15248,11100,11552,49460,43348
2024-10-18 12:47:53,15268,11012,13384,49676,39816
2024-10-18 12:48:05,13352,10928,18836,58300,40224
2024-10-18 12:48:16,14344,11732,17912,69808,37968
2024-10-18 12:48:28,15076,10532,21664,46112,44936
2024-10-18 12:48:40,15984,11028,17628,44008,41384
2024-10-18 12:48:51,17040,10400,15060,45128,43844
2024-10-18 12:49:03,15232,12740,19052,49668,40988
2024-10-18 12:49:14,14232,11488,18600,52532,45408
2024-10-18 12:49:26,16732,11044,18704,52408,41760
2024-10-18 12:49:37,16800,10292,18996,49836,46700
2024-10-18 12:49:49,17388,11748,17572,50460,47416
2024-10-18 12:50:01,18516,11340,21472,52700,44200
2024-10-18 12:50:13,13776,10264,21128,47704,46744
2024-10-18 12:50:25,16668,11168,22804,44640,45636
2024-10-18 12:50:37,11668,10860,16168,34844,45076
2024-10-18 12:50:48,10556,14964,18572,36400,52428
2024-10-18 12:51:00,13788,10112,16624,44276,62784
2024-10-18 12:51:12,13332,11964,20920,41412,52176
2024-10-18 12:51:24,13844,22800,17548,45120,50568
2024-10-18 12:51:36,15832,13988,23056,41008,52200
2024-10-18 12:51:47,13544,11604,18912,39468,52800
2024-10-18 12:51:59,12828,9808,17924,33128,55332
2024-10-18 12:52:10,15608,10308,14380,40144,48012
2024-10-18 12:52:22,16004,12012,10676,40948,45092
2024-10-18 12:52:33,12616,22956,14664,37032,46140
2024-10-18 12:52:45,17928,10628,16508,39392,51332
2024-10-18 12:52:57,17000,10292,11784,50912,46864
2024-10-18 12:53:08,17500,10868,12740,38996,45348
2024-10-18 12:53:20,17960,11832,13028,38564,51616
2024-10-18 12:53:32,21208,12576,13360,34048,61472
2024-10-18 12:53:43,16876,10484,18000,33824,59300
2024-10-18 12:53:56,14776,11400,12236,33752,53172
2024-10-18 12:54:07,16188,10468,13152,40376,51280
2024-10-18 12:54:19,14856,11228,11068,45676,49640
2024-10-18 12:54:31,14200,10212,11092,40984,45008
2024-10-18 12:54:43,15476,10608,10768,40372,39540
2024-10-18 12:54:55,16900,12484,15216,38868,41940
2024-10-18 12:55:06,15460,15224,15504,39092,44528
2024-10-18 12:55:18,15976,12392,16128,36212,43684
2024-10-18 12:55:30,20548,13512,13816,34504,36956
2024-10-18 12:55:42,13492,12660,13400,45320,37624
2024-10-18 12:55:54,14212,11884,18860,38944,46244
2024-10-18 12:56:05,15328,12052,13480,40280,40160
2024-10-18 12:56:17,13328,10972,11444,36028,43228
2024-10-18 12:56:29,16468,9896,10036,39320,43912
2024-10-18 12:56:41,20216,15976,11768,34192,43328
2024-10-18 12:56:53,15148,12628,13624,35960,47848
2024-10-18 12:57:05,12240,11228,12008,39360,46772
2024-10-18 12:57:17,17692,11860,14340,37240,48372
2024-10-18 12:57:28,11784,9988,10384,33708,45184
2024-10-18 12:57:40,16884,12816,11056,36832,47020
2024-10-18 12:57:52,17224,11748,12340,34612,54928
2024-10-18 12:58:04,13704,10856,10400,38012,50608
2024-10-18 12:58:16,15880,11932,12656,34308,54836
2024-10-18 12:58:28,15860,9336,9764,32696,46652
2024-10-18 12:58:39,17240,11244,9888,31412,44124
2024-10-18 12:58:51,18932,10840,12088,29964,43712
2024-10-18 12:59:03,14256,10048,10604,47816,41200
2024-10-18 12:59:14,17624,11516,12564,34788,47820
2024-10-18 12:59:26,18700,11220,14388,44176,34984
2024-10-18 12:59:38,17692,13456,15724,47208,44456
2024-10-18 12:59:49,18700,12424,16628,49680,41496
2024-10-18 13:00:01,15636,11620,19032,38364,37204
2024-10-18 13:00:13,15372,27968,17156,36128,34656
2024-10-18 13:00:25,10160,12240,10268,43020,40988
2024-10-18 13:00:37,10500,10612,10088,40876,37924
2024-10-18 13:00:50,11864,13460,11000,49916,41180
2024-10-18 13:01:02,14972,11572,12356,42492,41876
2024-10-18 13:01:14,8576,11540,10272,36584,39032
2024-10-18 13:01:25,5676,13768,15660,27220,45224
2024-10-18 13:01:37,5744,11112,17076,32820,48480
2024-10-18 13:01:48,14284,11144,15080,41720,33956
2024-10-18 13:02:00,4588,14580,10064,43004,36056
2024-10-18 13:02:11,8948,16168,16164,49956,44392
2024-10-18 13:02:23,6920,31244,14816,30780,46564
2024-10-18 13:02:35,11144,35668,14216,40560,42120
2024-10-18 13:02:47,7736,12456,11104,30072,53692
2024-10-18 13:02:58,5992,14168,17952,34420,41740
2024-10-18 13:03:10,8476,15204,11824,36820,47428
2024-10-18 13:03:21,10136,10908,13596,38204,49888
2024-10-18 13:03:33,11964,10556,9920,30760,49508
2024-10-18 13:03:46,4568,13028,8144,38040,52764
2024-10-18 13:03:57,4924,13352,14384,35336,51912
2024-10-18 13:04:09,7124,11440,14804,32504,54312
2024-10-18 13:04:20,12932,11728,13668,34468,53136
2024-10-18 13:04:32,5592,11184,9052,36260,48644
2024-10-18 13:04:44,8512,11556,11852,32176,56944
2024-10-18 13:04:55,9384,12768,12496,31460,49860
2024-10-18 13:05:08,12972,12432,10144,33652,51368
2024-10-18 13:05:19,6600,12260,9600,32076,53632
2024-10-18 13:05:31,9720,12000,12684,34396,49872
2024-10-18 13:05:42,10708,11904,10652,39856,47640
2024-10-18 13:05:54,11064,13264,18940,33600,52020
2024-10-18 13:06:05,11508,12184,17412,36776,55052
2024-10-18 13:06:17,5528,13652,15608,31104,48156
2024-10-18 13:06:29,8472,37588,16408,35984,50664
2024-10-18 13:06:40,6280,38860,16404,38496,48672
2024-10-18 13:06:52,8208,27636,11596,36696,48988
2024-10-18 13:07:04,9200,9608,10356,35660,48224
2024-10-18 13:07:16,14036,10960,11164,34452,48964
2024-10-18 13:07:29,9484,11504,15268,34916,43180
2024-10-18 13:07:40,8244,10988,18404,31484,50436
2024-10-18 13:07:52,12136,11492,20272,29552,48560
2024-10-18 13:08:03,5672,12216,15192,34968,45428
2024-10-18 13:08:27,15816,10332,12172,32784,49508
2024-10-18 13:08:38,7920,13164,10164,30960,50164
2024-10-18 13:08:49,9424,12472,10060,33804,56988
2024-10-18 13:09:01,10408,11052,9776,36872,50620
2024-10-18 13:09:13,13408,10576,18648,29696,54508
2024-10-18 13:09:25,7788,10908,18304,34156,52176
2024-10-18 13:09:37,6888,11968,14456,34032,52688
2024-10-18 13:09:48,15504,11772,19988,28340,58456
2024-10-18 13:10:00,7560,11224,15132,34188,61820
2024-10-18 13:10:11,7436,9516,9040,34108,51952
2024-10-18 13:10:24,6404,10676,7956,32776,52416
2024-10-18 13:10:36,8208,10152,13540,34576,53164
2024-10-18 13:10:47,8896,12052,15912,41544,53172
2024-10-18 13:10:59,11340,15112,14696,30748,48692
2024-10-18 13:11:11,9780,16756,18336,33636,50648
2024-10-18 13:11:23,11268,14896,13936,31912,49952
2024-10-18 13:11:34,8776,16356,10720,34148,48928
2024-10-18 13:11:46,9416,10824,12824,37016,60420
2024-10-18 13:11:58,4892,12184,16920,35056,54208
2024-10-18 13:12:09,8340,14900,12560,36844,50804
2024-10-18 13:12:21,6000,12056,14860,33072,53464
2024-10-18 13:12:32,9468,13920,12540,39764,45284
2024-10-18 13:12:44,11784,23948,11540,37424,44704
2024-10-18 13:12:55,12244,29128,12716,32800,49912
2024-10-18 13:13:07,12172,24740,11404,31016,51784
2024-10-18 13:13:19,12648,27376,12044,38496,52584
2024-10-18 13:13:31,9148,19340,10608,33728,52316
2024-10-18 13:13:43,12076,17564,14372,36612,50564
2024-10-18 13:13:54,11984,20532,13252,37740,48356
2024-10-18 13:14:06,9784,26500,14580,34860,46992
2024-10-18 13:14:17,12272,25440,12360,34792,52928
2024-10-18 13:14:29,13052,19756,13020,33352,46760
2024-10-18 13:14:41,12872,26068,10672,35184,43936
2024-10-18 13:14:53,15728,21168,14760,35848,44248
2024-10-18 13:15:04,11952,22948,14704,47024,45960
2024-10-18 13:15:16,13688,24376,21432,38568,48756
2024-10-18 13:15:27,13412,26304,17484,37084,52672
2024-10-18 13:15:39,14024,24452,18528,39108,56612
2024-10-18 13:15:50,14100,24416,20404,35680,52940
2024-10-18 13:16:03,13792,26164,14848,37304,50852
2024-10-18 13:16:14,15220,25704,13700,31712,52500
2024-10-18 13:16:26,12820,25212,13664,52632,48412
2024-10-18 13:16:38,12504,24220,17740,50536,48704
2024-10-18 13:16:49,11336,20412,13708,44868,46216
2024-10-18 13:17:01,13924,24624,12060,57688,33932
2024-10-18 13:17:13,13408,23644,16340,44356,41636
2024-10-18 13:17:25,12736,26672,18600,30668,46728
2024-10-18 13:17:36,14064,23768,11692,35216,47148
2024-10-18 13:17:48,13784,27296,16860,39744,51372
2024-10-18 13:18:00,13600,26404,11572,35688,44408
2024-10-18 13:18:11,12628,24688,17240,31912,46980
2024-10-18 13:18:23,16356,22824,21304,36452,46580
2024-10-18 13:18:34,12728,25036,19184,28992,39596
2024-10-18 13:18:46,14488,24296,22972,32344,45240
2024-10-18 13:18:58,14504,32056,20420,31520,42416
2024-10-18 13:19:09,12736,21408,22812,33160,57244
2024-10-18 13:19:21,13116,28132,19772,30440,47892
2024-10-18 13:19:32,13320,25760,14844,33512,49604
2024-10-18 13:19:44,12392,20492,15952,28924,48608
2024-10-18 13:19:56,12188,23848,16700,42836,45420
2024-10-18 13:20:08,15128,25596,20356,33952,51016
2024-10-18 13:20:20,14408,24632,21896,39188,52504
2024-10-18 13:20:43,11552,25988,18496,32652,53176
2024-10-18 13:20:55,13400,21092,18300,29848,51496
2024-10-18 13:21:06,14076,20628,31336,40344,53100
2024-10-18 13:21:18,12364,23184,32916,35644,50444
2024-10-18 13:21:30,10012,22380,32724,35096,50288
2024-10-18 13:21:42,12260,17992,28756,34712,56436
2024-10-18 13:21:53,12824,20688,31216,35600,48048
2024-10-18 13:22:05,12916,21880,29832,32260,51392
2024-10-18 13:22:16,11576,24020,30040,29612,51468
2024-10-18 13:22:28,9216,28632,29116,31444,48480
2024-10-18 13:22:40,14564,23484,30356,33340,44628
2024-10-18 13:22:52,13772,24884,29972,31640,44732
2024-10-18 13:23:03,11636,26236,31100,36240,44144
2024-10-18 13:23:15,13876,26020,29036,34504,55044
2024-10-18 13:23:27,16388,21224,29644,32664,56764
2024-10-18 13:23:38,14376,25464,30112,29572,51468
2024-10-18 13:23:50,13316,23972,31748,33392,60244
2024-10-18 13:24:02,15272,25812,32308,30432,51304
2024-10-18 13:24:14,14404,24472,29788,31312,52332
2024-10-18 13:24:26,14176,31508,30256,37500,51404
2024-10-18 13:24:38,11028,29024,32764,38172,39272
2024-10-18 13:24:50,12384,35736,28988,38348,38128
2024-10-18 13:25:02,11428,38536,28388,36924,54656
2024-10-18 13:25:14,12816,37908,31464,37996,55396
2024-10-18 13:25:26,12816,28560,32020,32760,52036
2024-10-18 13:25:37,13628,26112,32868,35684,49328
2024-10-18 13:25:49,14628,26036,32112,36288,49968
2024-10-18 13:26:00,14692,26324,30268,37348,49212
2024-10-18 13:26:12,11680,24220,31724,36080,49916
2024-10-18 13:26:23,12460,28200,26936,39328,56924
2024-10-18 13:26:35,14288,25524,27140,40008,49724
2024-10-18 13:26:47,13504,23568,30072,34224,45540
2024-10-18 13:26:59,12304,25360,27980,48692,48124
2024-10-18 13:27:10,14064,24952,29152,34628,47100
2024-10-18 13:27:22,10280,25360,28060,39544,48588
2024-10-18 13:27:33,16088,25412,28632,31856,54284
2024-10-18 13:27:45,12548,23952,28420,39976,51528
2024-10-18 13:27:57,14024,32960,28192,49332,50500
2024-10-18 13:28:08,15560,34192,27268,48152,52160
2024-10-18 13:28:20,13984,36176,30772,41720,60956
2024-10-18 13:28:32,12140,29484,29444,44304,57196
2024-10-18 13:28:43,13300,25356,30600,37180,49620
2024-10-18 13:28:55,13664,25576,30772,48152,48636
2024-10-18 13:29:06,14236,27308,33520,39224,51492
2024-10-18 13:29:18,11520,29228,30536,40148,52192
2024-10-18 13:29:30,13064,27620,34316,45380,54504
2024-10-18 13:29:42,14292,37268,32556,45352,56128
2024-10-18 13:29:54,13376,32032,22932,35584,50184
2024-10-18 13:30:06,14792,29468,24424,42516,52440
2024-10-18 13:30:17,13216,29200,30652,49824,53040
2024-10-18 13:30:29,12968,29388,26904,36592,45420
2024-10-18 13:30:41,15348,28236,32160,40524,45440
2024-10-18 13:30:53,15580,28308,30548,38928,49468
2024-10-18 13:31:05,15760,34608,32648,41108,48788
2024-10-18 13:31:17,14664,34708,30964,32728,44180
2024-10-18 13:31:29,13376,28564,30168,27264,59380
2024-10-18 13:31:41,19540,28016,38048,34808,55552
2024-10-18 13:31:52,12680,28892,30004,45696,56620
2024-10-18 13:32:04,17148,28556,28368,35428,52876
2024-10-18 13:32:15,15520,25440,29284,31064,60540
2024-10-18 13:32:27,13628,29488,32096,40432,67588
2024-10-18 13:32:38,14156,29640,30892,36988,56536
2024-10-18 13:32:50,15780,28268,34388,37924,54808
2024-10-18 13:33:01,15940,28316,33604,41088,54116
2024-10-18 13:33:13,14188,31372,31232,33792,60216
2024-10-18 13:33:24,14884,33852,34288,34400,50668
2024-10-18 13:33:36,14056,27308,30628,34672,47512
2024-10-18 13:33:48,15152,27108,33400,40088,51848
2024-10-18 13:34:00,15700,27696,32956,38176,47980
2024-10-18 13:34:12,12360,28792,29768,40128,58784
2024-10-18 13:34:23,14648,32192,33448,39188,56076
2024-10-18 13:34:35,13964,32144,30984,37364,50996
2024-10-18 13:34:46,16696,35144,32088,33672,54008
2024-10-18 13:34:58,14808,27292,27500,28092,55236
2024-10-18 13:35:10,13552,28400,25860,35424,53100
2024-10-18 13:35:21,14648,34704,31140,39276,46408
2024-10-18 13:35:33,13940,32636,28700,37468,60188
2024-10-18 13:35:44,13176,30660,29192,34652,58212
2024-10-18 13:35:56,14944,31140,28352,40640,46600
2024-10-18 13:36:07,18320,32256,33460,33620,48432
2024-10-18 13:36:19,13400,32084,33008,30452,47400
2024-10-18 13:36:31,17452,30728,32060,36084,45284
2024-10-18 13:36:43,15524,30656,30588,30844,59448
2024-10-18 13:36:54,12672,29380,30640,28312,57056
2024-10-18 13:37:06,12668,34308,32512,32496,58336
2024-10-18 13:37:17,14332,31228,31540,28992,48536
2024-10-18 13:37:30,14880,34316,33364,34188,50164
2024-10-18 13:37:42,14472,36200,33096,34148,53352
2024-10-18 13:37:54,14180,36788,32936,38932,46864
2024-10-18 13:38:05,17228,38744,29796,41960,44428
2024-10-18 13:38:17,13312,38696,30808,32428,43044
2024-10-18 13:38:28,16308,32852,30748,37880,43088
2024-10-18 13:38:40,11788,26188,31216,33376,53612
2024-10-18 13:38:52,16224,33120,31424,42204,44496
2024-10-18 13:39:04,11848,32464,31440,38128,43084
2024-10-18 13:39:16,10824,34468,28028,39284,49616
2024-10-18 13:39:27,11068,27836,32384,38400,46300
2024-10-18 13:39:39,11984,31852,29900,41984,47008
2024-10-18 13:39:50,11240,30792,34356,42952,45132
2024-10-18 13:40:02,12336,30844,30420,32424,46988
2024-10-18 13:40:14,14796,32616,31388,34692,44900
2024-10-18 13:40:25,17892,33056,33144,34924,45224
2024-10-18 13:40:37,14504,37732,33728,34064,45312
2024-10-18 13:40:49,12316,29924,32284,39472,47588
2024-10-18 13:41:00,14116,29364,31504,50804,38676
2024-10-18 13:41:12,17860,28248,32212,32468,46808
2024-10-18 13:41:23,13196,28064,29292,41392,45360
2024-10-18 13:41:35,15200,28400,33032,36164,54252
2024-10-18 13:41:47,17308,29924,31904,36708,46888
2024-10-18 13:41:59,11076,29976,32316,30036,53628
2024-10-18 13:42:11,16184,30088,31272,34384,53028
2024-10-18 13:42:22,14104,31536,32112,31136,49608
2024-10-18 13:42:34,10416,29948,31816,36548,53700
2024-10-18 13:42:45,13188,28060,32304,28492,56392
2024-10-18 13:42:57,15752,26216,33592,34272,55156
2024-10-18 13:43:09,10428,27456,30928,30796,56108
2024-10-18 13:43:20,14944,27260,33464,31716,51140
2024-10-18 13:43:32,11772,31224,31684,36900,43332
2024-10-18 13:43:44,11840,38108,32100,30004,51948
2024-10-18 13:43:56,12044,42052,34304,29652,46404
2024-10-18 13:44:09,16332,40604,33908,32972,46296
2024-10-18 13:44:20,15212,23440,34948,31256,52428
2024-10-18 13:44:32,10768,10040,30908,32820,54004
2024-10-18 13:44:43,10692,10340,33596,29824,49400
2024-10-18 13:44:55,16752,12516,33952,30960,57152
2024-10-18 13:45:07,14772,13916,35796,33540,50180
2024-10-18 13:45:19,14084,16536,31856,34620,57100
2024-10-18 13:45:31,15708,12524,32020,35504,54980
2024-10-18 13:45:42,10980,16748,31692,36500,53080
2024-10-18 13:45:54,14236,35260,31912,34036,46364
2024-10-18 13:46:06,15108,13308,33396,28596,52156
2024-10-18 13:46:18,15444,11576,34764,30312,53776
2024-10-18 13:46:30,13824,11816,34860,32676,52828
2024-10-18 13:46:41,14360,13084,32532,33224,38644
2024-10-18 13:46:53,16048,12208,34404,36924,46584
2024-10-18 13:47:04,14908,11656,31672,36328,50904
2024-10-18 13:47:16,15016,11796,31812,29028,47732
2024-10-18 13:47:28,12860,14908,30976,33804,50144
2024-10-18 13:47:39,12624,12660,30948,37732,55360
2024-10-18 13:47:51,14140,10328,32864,34328,47584
2024-10-18 13:48:03,18924,13596,33968,30188,46016
2024-10-18 13:48:15,11460,13588,32368,35120,52812
2024-10-18 13:48:26,12728,11848,29820,30652,48552
2024-10-18 13:48:38,11560,12172,28764,34000,55384
2024-10-18 13:48:50,14524,13808,31140,36260,46860
2024-10-18 13:49:01,16180,14600,30864,30104,48468
2024-10-18 13:49:13,10796,16816,30520,28144,50032
2024-10-18 13:49:24,13980,12504,35036,35068,56252
2024-10-18 13:49:36,12872,12736,31088,30976,48792
2024-10-18 13:49:48,16992,13076,32872,30772,49444
2024-10-18 13:50:01,14212,10820,31096,29924,47424
2024-10-18 13:50:13,17724,17776,35864,38624,47804
2024-10-18 13:50:25,17188,13948,34140,33152,52032
2024-10-18 13:50:36,14324,14080,32720,38712,52836
2024-10-18 13:50:48,13376,17756,30148,32828,62508
2024-10-18 13:50:59,9548,23500,26644,34140,54456
2024-10-18 13:51:11,14028,15860,32068,28676,51904
2024-10-18 13:51:23,15548,13436,34272,32128,51356
2024-10-18 13:51:35,12048,14032,27292,34008,56924
2024-10-18 13:51:46,10204,11248,31908,32548,58488
2024-10-18 13:51:58,15248,11796,33292,32080,59004
2024-10-18 13:52:10,15120,12268,34108,31776,58808
2024-10-18 13:52:21,13752,14544,33828,33800,53620
2024-10-18 13:52:32,15860,11884,34764,34376,44352
2024-10-18 13:52:45,17924,13100,36468,30856,41424
2024-10-18 13:52:57,14376,12600,31140,34660,56744
2024-10-18 13:53:09,13656,14824,31656,31716,48804
2024-10-18 13:53:21,15680,17556,32512,33616,57348
2024-10-18 13:53:33,18904,9576,33400,30588,51280
2024-10-18 13:53:44,13620,11604,34096,29928,58464
2024-10-18 13:53:56,12236,10696,29228,30108,52120
2024-10-18 13:54:07,16684,10680,33044,30884,56156
2024-10-18 13:54:19,16908,11832,32704,36176,53676
2024-10-18 13:54:31,18312,13336,32464,31740,44340
2024-10-18 13:54:42,13068,12788,34828,34688,51876
2024-10-18 13:54:54,14124,9788,32156,32088,52964
2024-10-18 13:55:06,14504,13192,32584,29124,55416
2024-10-18 13:55:17,18676,11568,32788,31056,48728
2024-10-18 13:55:29,16888,10088,33108,30820,43164
2024-10-18 13:55:41,12960,11872,32544,37076,46912
2024-10-18 13:55:52,16992,11616,31780,32772,55308
2024-10-18 13:56:04,19496,14344,34888,33508,52320
2024-10-18 13:56:15,11124,11796,28912,39792,57364
2024-10-18 13:56:27,14572,11532,29672,28512,68388
2024-10-18 13:56:39,15420,11332,30428,41020,55216
2024-10-18 13:56:50,15072,11548,33372,44248,46764
2024-10-18 13:57:03,15732,11344,35696,34916,52108
2024-10-18 13:57:15,16300,15992,34392,35996,58088
2024-10-18 13:57:27,13800,34724,34656,36068,56856
2024-10-18 13:57:39,16092,11960,36336,34920,57552
2024-10-18 13:57:51,17612,14220,34072,42812,44660
2024-10-18 13:58:02,9924,36420,29592,32868,45264
2024-10-18 13:58:14,12588,32276,32332,42760,52356
2024-10-18 13:58:26,15160,38984,32520,40692,50668
2024-10-18 13:58:38,11700,37292,31360,39572,48396
2024-10-18 13:58:49,14412,34340,32104,36660,49756
2024-10-18 13:59:01,14836,36156,30820,48592,55952
2024-10-18 13:59:13,8180,36792,30160,47492,57120
2024-10-18 13:59:24,17264,35604,31740,42844,53608
2024-10-18 13:59:36,16496,37492,33280,52276,42136
2024-10-18 13:59:48,13652,25920,33580,45924,48288
2024-10-18 14:00:00,12232,36112,31468,39880,60644
2024-10-18 14:00:11,10672,32260,29720,37632,53516
2024-10-18 14:00:23,11892,33096,34136,41556,54980
2024-10-18 14:00:34,15600,34848,32396,37612,61948
2024-10-18 14:00:46,9716,34080,30116,42616,53476
2024-10-18 14:00:57,16296,34864,32148,35632,49288
2024-10-18 14:01:10,11184,15128,29148,40836,56016
2024-10-18 14:01:21,18004,12692,31072,34652,50292
2024-10-18 14:01:34,14032,10040,33308,35996,58104
2024-10-18 14:01:45,10988,10388,28160,44704,53088
2024-10-18 14:01:57,11788,11408,29664,30416,59672
2024-10-18 14:02:08,12012,11780,28688,41140,51040
2024-10-18 14:02:20,10992,11020,30104,40824,54220
2024-10-18 14:02:32,13188,11352,30060,33496,55980
2024-10-18 14:02:44,17956,12260,31132,36572,56768
2024-10-18 14:02:56,9228,11080,29556,42268,55032
2024-10-18 14:03:07,17136,22904,29416,42708,58636
2024-10-18 14:03:18,15604,30632,30304,40740,65616
2024-10-18 14:03:30,13960,20996,30648,33484,67000
2024-10-18 14:03:42,10984,10444,29504,29380,62044
2024-10-18 14:03:54,8552,11512,28352,37228,51492
2024-10-18 14:04:05,11468,11180,28636,36476,53884
2024-10-18 14:04:18,11564,11484,30120,33968,60024
2024-10-18 14:04:30,13060,11520,31120,33184,67364
2024-10-18 14:04:41,15344,10432,29036,33400,54632
2024-10-18 14:04:53,16744,11336,31988,39796,50988
2024-10-18 14:05:04,15396,10084,30464,32624,57228
2024-10-18 14:05:21,7792,10276,31344,28260,57012
2024-10-18 14:05:38,9284,10984,28880,31476,51008
2024-10-18 14:05:55,13180,10484,31252,31668,60116
2024-10-18 14:06:12,15644,11384,32748,29972,62188
2024-10-18 14:06:29,7420,12316,30540,30396,64604
2024-10-18 14:06:47,12076,10952,28312,30296,57816
2024-10-18 14:07:03,13892,11140,33072,27088,72424
2024-10-18 14:07:20,13060,10632,28868,34004,55200
2024-10-18 14:07:37,14852,11652,29568,34796,51736
2024-10-18 14:07:54,14980,10800,31688,30076,64692
2024-10-18 14:08:11,11044,10512,33788,33772,52692
2024-10-18 14:08:28,8272,9136,27832,32152,54644
2024-10-18 14:08:45,12712,10940,30300,31160,51552
2024-10-18 14:09:02,13544,11264,30872,26532,54720
2024-10-18 14:09:19,13212,11244,34940,28332,53396
2024-10-18 14:09:37,12632,10044,32160,27024,53520
2024-10-18 14:09:53,13432,12716,33076,37544,54024
2024-10-18 14:10:10,12364,11592,32324,38732,58284
2024-10-18 14:10:27,15748,13764,30944,39868,44880
2024-10-18 14:10:45,9708,10968,29960,35336,44128
2024-10-18 14:11:02,7400,12904,30640,36380,45360
2024-10-18 14:11:18,8620,10008,33044,33632,46876
2024-10-18 14:11:35,10444,9792,28240,36912,47636
2024-10-18 14:11:52,12284,11560,28904,33476,49796
2024-10-18 14:12:09,9404,12272,30216,42152,45752
2024-10-18 14:12:25,10796,10964,32040,44444,42476
2024-10-18 14:12:42,10848,9724,29416,38316,48420
2024-10-18 14:12:59,18444,10324,30904,39264,44232
2024-10-18 14:13:16,14620,13928,32728,41804,48496
2024-10-18 14:13:33,10928,10464,32848,41804,55504
2024-10-18 14:13:50,11192,11164,31000,33780,70296
2024-10-18 14:14:07,10928,10060,31720,34112,45992
2024-10-18 14:14:24,11284,12344,34008,37432,50728
2024-10-18 14:14:41,12708,12140,33216,32440,63980
2024-10-18 14:14:58,12188,10988,36464,43844,51820
2024-10-18 14:15:15,9496,10728,30688,45272,54848
2024-10-18 14:15:27,10160,10624,30276,38116,57428
2024-10-18 14:15:38,15752,12856,31856,41192,68272
2024-10-18 14:15:50,8164,12500,30104,35488,55972
2024-10-18 14:16:02,14492,14052,31508,48400,45048
2024-10-18 14:16:13,6856,14084,30404,52268,48116
2024-10-18 14:16:25,10836,14060,33536,43624,48184
2024-10-18 14:16:37,12532,14272,33028,43360,64108
2024-10-18 14:16:49,11812,15628,32132,48672,52952
2024-10-18 14:17:01,11056,12628,31340,39552,52236
2024-10-18 14:17:13,14748,14360,29580,41548,57272
2024-10-18 14:17:25,19424,12636,37768,53648,56724
2024-10-18 14:17:36,13648,15588,31104,39900,61016
2024-10-18 14:17:48,23784,26624,31348,46492,56636
2024-10-18 14:17:59,17732,39692,32964,42828,54228
2024-10-18 14:18:11,19552,33600,31872,35184,57000
2024-10-18 14:18:22,17920,28380,31916,44776,53056
2024-10-18 14:18:34,28560,26704,34336,46328,66356
2024-10-18 14:18:46,27304,34376,32756,52336,53776
2024-10-18 14:18:57,26928,30840,39864,38396,55348
2024-10-18 14:19:09,27548,31016,36432,32904,65488
2024-10-18 14:19:21,32156,29300,37584,40216,57940
2024-10-18 14:19:33,32272,37876,40460,44040,59136
2024-10-18 14:19:44,28008,43976,38336,43940,45632
2024-10-18 14:19:56,24132,42868,38352,40344,49984
2024-10-18 14:20:08,28316,40860,35848,45636,46624
2024-10-18 14:20:20,26732,41248,33988,49812,44108
2024-10-18 14:20:31,21624,43132,32736,45392,38348
2024-10-18 14:20:43,23988,35308,31448,39100,46624
2024-10-18 14:20:55,28832,37496,36416,38464,43584
2024-10-18 14:21:06,25028,40216,35560,46704,47600
2024-10-18 14:21:18,22312,35076,37024,38356,49644
2024-10-18 14:21:30,24940,38976,36904,38544,50388
2024-10-18 14:21:42,28552,35048,36424,39824,48364
2024-10-18 14:21:54,24640,37404,36196,36004,55660
2024-10-18 14:22:05,25280,35524,33424,36992,53728
2024-10-18 14:22:17,20824,46728,33756,35312,49180
2024-10-18 14:22:28,27520,37408,38216,34980,57376
2024-10-18 14:22:40,23192,42528,34012,41764,54684
2024-10-18 14:22:52,21964,40100,34640,30512,53300
2024-10-18 14:23:03,29712,38844,38008,30640,59536
2024-10-18 14:23:15,24660,41048,37356,31800,54056
2024-10-18 14:23:27,22768,35568,35848,32944,58288
2024-10-18 14:23:39,26716,39468,37544,28520,61676
2024-10-18 14:23:51,25624,34052,36152,33832,57104
2024-10-18 14:24:02,26968,39664,35168,30376,62936
2024-10-18 14:24:19,22612,32568,35272,33340,55200
2024-10-18 14:24:35,19844,39552,33372,30536,69976
2024-10-18 14:24:52,19764,34196,37836,34336,56616
2024-10-18 14:25:09,26096,37424,37560,35316,58700
2024-10-18 14:25:26,31596,32476,39816,30412,55448
2024-10-18 14:25:43,25612,36608,34680,30520,68168
2024-10-18 14:26:00,22584,27584,33852,32828,54560
2024-10-18 14:26:17,24732,30672,35124,33044,62500
2024-10-18 14:26:33,19972,26932,34744,35316,51876
2024-10-18 14:26:51,25460,30472,35936,37736,58920
2024-10-18 14:27:08,22376,36868,33920,35664,59292
2024-10-18 14:27:25,18700,34996,31816,31380,46256
2024-10-18 14:27:42,21924,34192,33320,35316,54516
2024-10-18 14:27:58,20836,24560,30156,30740,59660
2024-10-18 14:28:15,24384,34624,34776,34840,52524
2024-10-18 14:28:32,26928,35756,31300,35088,51704
2024-10-18 14:28:49,30068,33860,34952,33692,56948
2024-10-18 14:29:06,26240,39744,38160,36304,60192
2024-10-18 14:29:23,26724,35340,33984,37500,49240
2024-10-18 14:29:40,28284,34712,31348,44960,51812
2024-10-18 14:29:57,22384,29384,34932,42996,68120
2024-10-18 14:30:14,23440,26784,31748,38484,53056
2024-10-18 14:30:30,25088,28088,33316,39444,57608
2024-10-18 14:30:47,22724,24732,32296,43688,51664
2024-10-18 14:31:04,29516,26960,32828,43840,48364
2024-10-18 14:31:21,26112,29748,31900,44308,47580
2024-10-18 14:31:38,30372,26484,33028,39304,51264
2024-10-18 14:31:55,26936,39600,34724,41188,51568
2024-10-18 14:32:12,28268,35364,31348,46324,50048
2024-10-18 14:32:29,25068,34484,32216,40448,50116
2024-10-18 14:32:46,31212,41084,35972,39464,52708
2024-10-18 14:33:03,28728,38088,35512,42520,52456
2024-10-18 14:33:20,28168,36576,33920,41172,48024
2024-10-18 14:33:37,28736,38896,30780,43956,47172
2024-10-18 14:33:54,28152,28468,35872,39472,59852
2024-10-18 14:34:10,25820,28560,30320,45244,55128
2024-10-18 14:34:27,28508,35004,32688,37812,46148
2024-10-18 14:34:44,27080,30612,35020,37492,46052
2024-10-18 14:35:01,25876,28088,35752,40176,48180
2024-10-18 14:35:18,27068,42956,30884,36048,45044
2024-10-18 14:35:34,26788,25152,33280,27956,46024
2024-10-18 14:35:52,30336,24808,33288,25728,46344
2024-10-18 14:36:08,25052,30476,32048,27144,50416
2024-10-18 14:36:25,27172,38276,33148,28896,53356
2024-10-18 14:36:42,25264,29720,35156,24592,58660
2024-10-18 14:36:59,31488,25636,37248,24124,59588
2024-10-18 14:37:16,27028,33252,31864,34356,47816
2024-10-18 14:37:32,26224,29764,33676,35984,50624
2024-10-18 14:37:49,30452,38592,37280,32192,48084
2024-10-18 14:38:06,27640,36532,32880,46392,45716
2024-10-18 14:38:23,26828,26664,33828,64804,43156
2024-10-18 14:38:40,28568,38096,32236,34836,44576
2024-10-18 14:38:57,30724,36224,32432,34748,38476
2024-10-18 14:39:15,32120,27780,37212,43540,39804
2024-10-18 14:39:31,32160,39052,37532,38804,41960
2024-10-18 14:39:48,33328,33268,35124,53700,31384
2024-10-18 14:40:05,30596,35180,32540,42168,31008
2024-10-18 14:40:22,28696,28640,37008,53968,33020
2024-10-18 14:40:39,29296,23272,33540,40956,34456
2024-10-18 14:40:55,29204,27424,30948,33360,46444
2024-10-18 14:41:12,19344,35188,32916,31136,43752
2024-10-18 14:41:30,17984,28040,28988,33752,52032
2024-10-18 14:41:47,17528,27060,26880,30852,50596
2024-10-18 14:42:04,19872,25712,27952,27376,42416
2024-10-18 14:42:21,25372,39432,32636,36020,45352
2024-10-18 14:42:38,19284,43576,27064,35064,32880
2024-10-18 14:42:54,28160,31744,33492,29160,42448
2024-10-18 14:43:11,29800,26368,30720,44396,35180
2024-10-18 14:43:28,19592,23168,31184,28648,42908
2024-10-18 14:43:44,24500,27776,29824,31736,37168
2024-10-18 14:44:01,25588,27796,33972,33116,46020
2024-10-18 14:44:18,22032,39236,30836,30792,41844
2024-10-18 14:44:35,17600,32528,28256,31772,36568
2024-10-18 14:44:52,22888,33404,29620,28596,44716
2024-10-18 14:45:09,22764,31776,29928,34788,45776
2024-10-18 14:45:26,22532,24152,29400,34636,49336
2024-10-18 14:45:43,22268,25744,28824,29492,49872
2024-10-18 14:46:00,28976,25892,28164,30296,40856
2024-10-18 14:46:33,22052,28144,28316,31248,43376
2024-10-18 14:46:51,22156,34548,31120,27996,46704
2024-10-18 14:47:08,22420,28400,30224,26584,56928
2024-10-18 14:47:25,20236,40616,29864,32144,38264
2024-10-18 14:47:42,20124,27832,28400,26548,41956
2024-10-18 14:47:58,19476,29496,29508,29052,41912
2024-10-18 14:48:15,21416,36124,31756,29432,43096
2024-10-18 14:48:32,19804,35812,33532,27220,47400
2024-10-18 14:48:49,18212,38376,29740,33704,51412
2024-10-18 14:49:06,21112,37088,28336,44880,42584
2024-10-18 14:49:23,20648,41872,32924,43160,42708
2024-10-18 14:49:41,23308,40632,32888,38688,41788
2024-10-18 14:49:58,24840,37796,32108,43328,40076
2024-10-18 14:50:15,20492,37472,27712,40976,37112
2024-10-18 14:50:31,23388,39688,31652,36584,44176
2024-10-18 14:50:48,19180,27464,31848,38560,41992
2024-10-18 14:51:00,25740,33028,31748,41772,46176
2024-10-18 14:51:11,18320,35728,24680,35596,42080
2024-10-18 14:51:23,19984,25436,29696,33448,43808
2024-10-18 14:51:35,21984,35364,26852,28636,48220
2024-10-18 14:51:46,19200,39548,27804,36588,38872
2024-10-18 14:51:57,20104,37672,33220,33836,40612
2024-10-18 14:52:21,20412,30472,27064,37216,52280
2024-10-18 14:52:33,21576,43000,30048,38380,50172
2024-10-18 14:52:44,21788,35844,31220,33944,55476
2024-10-18 14:52:56,21568,33880,29068,44068,46052
2024-10-18 14:53:07,21604,24228,32244,36536,51228
2024-10-18 14:53:31,19500,37068,33860,40036,49316
2024-10-18 14:53:43,19928,27612,27968,40468,50344
2024-10-18 14:53:55,19112,28096,31816,30076,58352
2024-10-18 14:54:06,20528,30868,33240,35028,49968
2024-10-18 14:54:18,20672,30572,32796,44116,41172
2024-10-18 14:54:30,19356,35884,28820,40020,42256
2024-10-18 14:54:42,23420,38716,28356,34712,45364
2024-10-18 14:54:54,24316,40784,29324,37180,40772
2024-10-18 14:55:06,18552,42268,27164,39292,48368
2024-10-18 14:55:29,27592,30056,27768,40576,45160
2024-10-18 14:55:41,27588,33996,31688,43908,38096
2024-10-18 14:55:52,20512,34316,31652,49504,30920
2024-10-18 14:56:04,23132,30056,33112,33544,44864
2024-10-18 14:56:15,23664,28928,25564,45640,43408
2024-10-18 14:56:39,24068,36752,36156,41024,40128
2024-10-18 14:56:51,18672,40356,35644,38744,37092
2024-10-18 14:57:02,18184,38012,30900,47496,41140
2024-10-18 14:57:14,21988,32356,30708,38160,51080
2024-10-18 14:57:25,22804,30832,30572,36692,52732
2024-10-18 14:57:37,24156,33252,33372,36544,45332
2024-10-18 14:57:48,25136,35756,30176,33960,46752
2024-10-18 14:58:00,26380,34188,33024,43496,55000
2024-10-18 14:58:11,23472,37740,34808,38288,44940
2024-10-18 14:58:23,23160,39612,31444,40776,54156
2024-10-18 14:58:35,28896,28520,32344,44112,50188
2024-10-18 14:59:10,23636,37836,31868,35728,49388
2024-10-18 14:59:22,27496,35168,33832,36032,43900
2024-10-18 14:59:33,26680,38000,34472,42508,46728
2024-10-18 14:59:45,26836,38052,32424,34988,50340
2024-10-18 15:00:08,25600,32980,31808,48872,48468
2024-10-18 15:00:31,26144,34420,31176,40076,47400
2024-10-18 15:00:43,23980,38188,30728,40364,47980
2024-10-18 15:00:54,28220,25616,34216,34616,57900
2024-10-18 15:01:06,22480,30620,33284,45092,50780
2024-10-18 15:01:18,26112,30960,33480,37224,46800
2024-10-18 15:01:41,25812,31536,32172,45220,44332
2024-10-18 15:01:52,25460,23752,33516,35404,45548
2024-10-18 15:02:04,30056,30512,33180,39896,45760
2024-10-18 15:02:27,26384,31408,29216,42984,51652
2024-10-18 15:02:39,20000,27580,28020,45076,42900
2024-10-18 15:03:01,27712,30712,34284,41192,39832
2024-10-18 15:03:13,27044,38108,32712,45024,34892
2024-10-18 15:03:26,27660,38768,34540,49128,34840
2024-10-18 15:03:37,26428,38244,31884,46596,32836
2024-10-18 15:03:49,26760,33408,33072,37428,36344
2024-10-18 15:04:01,20528,35536,33132,55516,27044
2024-10-18 15:04:36,23052,39268,32620,34024,50312
2024-10-18 15:04:48,25168,42808,31608,40136,52868
2024-10-18 15:05:00,20636,35128,31868,33076,51904
2024-10-18 15:05:23,23552,27272,32116,29460,54384
2024-10-18 15:05:46,27932,40568,35136,28208,50852
2024-10-18 15:05:58,21432,34828,36804,28620,57736
2024-10-18 15:06:09,25800,38460,29168,46148,37428
2024-10-18 15:06:21,27272,33084,29920,31156,53580
2024-10-18 15:06:33,24092,32740,30248,49964,47220
2024-10-18 15:06:44,24828,38356,33884,45008,35472
2024-10-18 15:06:56,23740,39052,32084,38184,42904
2024-10-18 15:07:08,25836,34452,32724,33840,51132
2024-10-18 15:07:21,24980,40244,31796,36032,50864
2024-10-18 15:07:32,23076,37280,32472,47152,40116
2024-10-18 15:08:31,18684,30464,28432,43280,35232
2024-10-18 15:08:43,20396,40276,32880,37464,40956
2024-10-18 15:08:55,20960,33044,27328,42324,45120
2024-10-18 15:09:07,22456,24336,30332,43480,40056
2024-10-18 15:09:19,22724,36816,31872,37868,34364
2024-10-18 15:09:30,22356,43768,32560,37660,43028
2024-10-18 15:09:42,26636,37928,32656,50916,42808
2024-10-18 15:09:54,22624,32740,29384,41744,36276
2024-10-18 15:10:05,21316,27312,31060,42360,31540
2024-10-18 15:11:04,25568,38740,30836,32800,37424
2024-10-18 15:11:15,27004,37568,32032,38048,39784
2024-10-18 15:11:27,22592,37848,32468,53380,33764
2024-10-18 15:12:13,24492,40216,31892,54172,27240
2024-10-18 15:12:25,20168,36788,28036,39132,37748
2024-10-18 15:12:37,25216,35492,29932,41968,38580
2024-10-18 15:12:49,24392,30812,29548,50552,26912
2024-10-18 15:13:12,21316,31824,30780,39820,38408
2024-10-18 15:13:23,26780,32328,34484,37544,41976
2024-10-18 15:13:35,22056,26968,32868,40684,41820
2024-10-18 15:13:47,22944,27880,29500,51372,37792
2024-10-18 15:13:58,27044,38836,33232,43664,28232
2024-10-18 15:14:10,16456,39208,24996,45880,41708
2024-10-18 15:14:22,20480,40240,27060,34776,42176
2024-10-18 15:14:34,21168,44184,29044,41708,50068
2024-10-18 15:14:46,18828,38372,29704,38956,44424
2024-10-18 15:14:58,18728,39840,26288,49292,39108
2024-10-18 15:15:10,19676,39080,26844,40168,57800
2024-10-18 15:15:22,24840,39284,30384,43940,39920
2024-10-18 15:15:33,19616,42824,30976,42940,42692
2024-10-18 15:15:45,18552,44104,30392,45872,36396
2024-10-18 15:15:57,21352,39560,31212,55152,32700
2024-10-18 15:16:09,20580,42284,30204,43976,31752
2024-10-18 15:16:20,21876,43808,27032,58360,38536
2024-10-18 15:16:31,18552,40236,31584,41952,37752
2024-10-18 15:16:43,19940,40300,31624,57840,36476
2024-10-18 15:16:55,18916,27380,31620,46080,36972
2024-10-18 15:17:07,18340,28444,30396,51140,39204
2024-10-18 15:17:18,18512,28748,28820,38712,38204
2024-10-18 15:17:30,19460,27300,31340,37124,38976
2024-10-18 15:17:41,19676,25936,30020,33404,35280
2024-10-18 15:17:53,18388,37180,29080,46628,38132
2024-10-18 15:19:16,25216,26832,30584,36148,41972
2024-10-18 15:21:35,20084,38612,28052,41388,51500
2024-10-18 15:21:47,21200,41612,29352,44796,60892
2024-10-18 15:22:10,21108,38520,30160,36240,49712
2024-10-18 15:22:34,21120,34540,29624,33840,48712
2024-10-18 15:22:57,22160,33940,28440,45120,48264
2024-10-18 15:23:09,23448,26120,31480,42892,46544
2024-10-18 15:23:55,20520,25268,31104,36988,53836
2024-10-18 15:24:30,20764,31500,28764,57732,43152
2024-10-18 15:26:51,21408,33360,26412,42108,45164
2024-10-18 15:27:03,18836,38592,23048,37668,58840
2024-10-18 15:27:14,19320,33516,28460,43604,47852
2024-10-18 15:27:26,19356,29428,26224,40600,50908
2024-10-18 15:29:48,19640,27164,26576,36048,47068
2024-10-18 15:30:18,19844,35840,28940,35924,51592
